Record_Type,Name,Protocol,Entity_Type,Asset_Class,Value_USD,APR_Rate,Count_Metric,Source_URL,Scrape_Date,Data_Source,Scrape_Version,Ticker,Blockchain,Legal_Structure,Jurisdiction,Custodian,Investor_Eligibility,Monthly_Transfer_Vol_USD,Pool_Status,Token_Type,Origination_Date,Maturity_Date
RWA_Asset,BlackRock USD Institutional Digital Liquidity Fund,BlackRock USD Institutional Digital Liquidity Fund,US Treasury Debt,US Treasury Debt,2105512437,,90,https://app.rwa.xyz/assets/BUIDL,2025-09-26T14:40:48.571229,rwa.xyz,1,BUIDL,"Aptos, Arbitrum, Avalanche, Ethereum, Optimism, Polygon, Solana",British Virgin Islands Limited Company,United States of America,Bank of New York Mellon,U.S. Qualified Purchaser,429345334.4,,,,
RWA_Asset,Ondo Short-Term US Government Bond Fund,Ondo I,US Treasury Debt,US Treasury Debt,730297311.2,,75,https://app.rwa.xyz/assets/OUSG,2025-09-26T14:40:48.571229,rwa.xyz,1,OUSG,"Ethereum, Polygon, Solana, XRP Ledger","Delaware, U.S. Limited Partnership",United States of America,Clear Street LLC,U.S. Qualified Purchaser,9820401.191,,,,
RWA_Asset,Franklin OnChain U.S. Government Money Fund,Franklin Templeton,US Treasury Debt,US Treasury Debt,717178219.6,,921,https://app.rwa.xyz/assets/BENJI,2025-09-26T14:40:48.571229,rwa.xyz,1,BENJI,"Aptos, Arbitrum, Avalanche, Base, Ethereum, Polygon, Solana, Stellar","Delaware, U.S. Statutory Trust",United States of America,J.P. Morgan,U.S. and Global Retail,0,,,,
RWA_Asset,Circle USYC,Circle,US Treasury Debt,US Treasury Debt,642749650.8,,50,https://app.rwa.xyz/assets/USYC,2025-09-26T14:40:48.571229,rwa.xyz,1,USYC,"BNB Chain, Ethereum, NEAR","Delaware, Limited Liability Company",Cayman Islands,Bank of New York Mellon,"U.S. Qualified Purchaser, Non-U.S. Investor",178077143.3,,,,
RWA_Asset,Ondo U.S. Dollar Yield,Ondo USDY,US Treasury Debt,US Treasury Debt,592572270.9,,15771,https://app.rwa.xyz/assets/USDY,2025-09-26T14:40:48.571229,rwa.xyz,1,USDY,"Aptos, Arbitrum, Ethereum, Mantle, MANTRA, Noble, Solana, Stellar, Sui","Delaware, Limited Liability Company",United States of America,Morgan Stanley,Non-U.S. Investor,14910819.69,,,,
RWA_Asset,Superstate Short Duration US Government Securities Fund,Superstate Asset Trust,US Treasury Debt,US Treasury Debt,617670225.2,,81,https://app.rwa.xyz/assets/USTB,2025-09-26T14:40:48.571229,rwa.xyz,1,USTB,"Ethereum, Plume, Solana","Delaware, U.S. Statutory Trust",United States of America,"UMB Bank, N.A.",U.S. Qualified Purchaser,200912030.8,,,,
RWA_Asset,WisdomTree Government Money Market Digital Fund,WisdomTree Government Money Market Digital Fund,US Treasury Debt,US Treasury Debt,557241611.6,,608,https://app.rwa.xyz/assets/WTGXX,2025-09-26T14:40:48.571229,rwa.xyz,1,WTGXX,"Arbitrum, Avalanche, Base, Ethereum, Optimism, Stellar","Delaware, U.S. Statutory Trust",United States of America,Bank of New York Mellon,U.S. Retail and Institutional Investor,10.00510511,,,,
RWA_Asset,Janus Henderson Anemoy Treasury Fund,Anemoy,US Treasury Debt,US Treasury Debt,319947419.8,,9,https://app.rwa.xyz/assets/JTRSY,2025-09-26T14:40:48.571229,rwa.xyz,1,JTRSY,"Arbitrum, Avalanche, Base, Celo, Ethereum",British Virgin Islands Segregated Portfolio Company,British Virgin Islands,The Bank of New York Mellon Pershing,Professional Investor,196160043.4,,,,
RWA_Asset,OpenEden TBILL Vault,Treasury Bills Institutional Liquidity Limited,US Treasury Debt,US Treasury Debt,239834169.4,,60,https://app.rwa.xyz/assets/TBILL,2025-09-26T14:40:48.571229,rwa.xyz,1,TBILL,"Arbitrum, Ethereum, Solana, XRP Ledger",British Virgin Islands Limited Company,British Virgin Islands,Manual Review Required,"U.S. Accredited Investor, Professional Investor",111084046.8,,,,
RWA_Asset,Fidelity Digital Interest Token,Fidelity Investments,US Treasury Debt,US Treasury Debt,203685560,,2,https://app.rwa.xyz/assets/FDIT,2025-09-26T14:40:48.571229,rwa.xyz,1,FDIT,Ethereum,"Delaware, Limited Liability Company",United States of America,Bank of New York Mellon,Institutional Investor,202685570,,,,
RWA_Asset,Delta Wellington Ultra Short Treasury On-Chain Fund,Delta Wellington Ultra Short Treasury On-Chain Fund,US Treasury Debt,US Treasury Debt,136352053.8,,9,https://app.rwa.xyz/assets/ULTRA,2025-09-26T14:40:48.571229,rwa.xyz,1,ULTRA,"Arbitrum, Avalanche, Ethereum",Manual Review Required,Manual Review Required,Manual Review Required,"Institutional Investor, Accredited Investor",1958.815719,,,,
RWA_Asset,Spiko US T-Bills Money Market Fund,Spiko,US Treasury Debt,US Treasury Debt,117034556.2,,686,https://app.rwa.xyz/assets/USTBL,2025-09-26T14:40:48.571229,rwa.xyz,1,USTBL,"Arbitrum, Ethereum, Polygon",French SICAV (Société dinvestissement à capital variable),France,CACEIS,U.S. and Global Retail,4511205.571,,,,
RWA_Asset,VanEck Treasury Fund,VanEck Treasury Fund,US Treasury Debt,US Treasury Debt,74167580.51,,15,https://app.rwa.xyz/assets/VBILL,2025-09-26T14:40:48.571229,rwa.xyz,1,VBILL,"Avalanche, BNB Chain, Ethereum, Solana",British Virgin Islands Limited Company,Manual Review Required,Securitize,Manual Review Required,3069434.97,,,,
RWA_Asset,Fidelity ILF USD Fund Class G Acc,Sygnum Bank,US Treasury Debt,US Treasury Debt,45341467.53,,2,https://app.rwa.xyz/assets/FIUSD,2025-09-26T14:40:48.571229,rwa.xyz,1,FIUSD,ZKsync Era,Manual Review Required,Manual Review Required,Manual Review Required,Manual Review Required,0,,,,
RWA_Asset,Libre SAF VCC - USD I Money Market,Libre SAF VCC,US Treasury Debt,US Treasury Debt,41710821.16,,6,https://app.rwa.xyz/assets/UMA,2025-09-26T14:40:48.571229,rwa.xyz,1,UMA,"Aptos, Avalanche, Ethereum, Hedera Hashgraph, NEAR, Polygon, SEI, Solana, XDC",Singapore Variable Capital Company (VCC),Manual Review Required,Manual Review Required,"Institutional Investor, Accredited Investor",0,,,,
RWA_Asset,OpenTrade Flexible Term USD Vault,OpenTrade,US Treasury Debt,US Treasury Debt,31158949.08,,27,https://app.rwa.xyz/assets/XTBT,2025-09-26T14:40:48.571229,rwa.xyz,1,XTBT,"Avalanche, Ethereum",Cayman Islands Segregated Portfolio Company,United Kingdom,Five Sigma,Manual Review Required,12000010,,,,
RWA_Asset,Guggenheim Treasury Services DCP,Great Bridge,US Treasury Debt,US Treasury Debt,30002000,,3,https://app.rwa.xyz/assets/DCP,2025-09-26T14:40:48.571229,rwa.xyz,1,DCP,"Ethereum, XRP Ledger","Delaware, Limited Liability Company",United States of America,US Bancorp,Manual Review Required,0,,,,
RWA_Asset,abrdn Liquidity Fund (Lux) – US Dollar Fund,abrdn Liquidity Fund,US Treasury Debt,US Treasury Debt,15507236.56,,2,https://app.rwa.xyz/assets/AAULF,2025-09-26T14:40:48.571229,rwa.xyz,1,AAULF,"Hedera Hashgraph, XDC, XRP Ledger",Luxembourg UCITS,Luxembourg,Archax,"Institutional Investor, Professional Investor",0,,,,
RWA_Asset,WisdomTree Floating Rate Treasury Fund,L,US Treasury Debt,US Treasury Debt,50.23,,2300,https://app.rwa.xyz/assets/USFR,2025-09-26T14:40:48.571229,rwa.xyz,1,USFR,,Manual Review Required,Manual Review Required,Manual Review Required,Manual Review Required,,,,,
RWA_Asset,USTY U.S. Treasury Tokens,Yieldteq,US Treasury Debt,US Treasury Debt,4660000,,1,https://app.rwa.xyz/assets/USTY,2025-09-26T14:40:48.571229,rwa.xyz,1,USTY,XDC,"Delaware, Limited Liability Company",United States of America,State Street,Professional Investor,0,,,,
RWA_Asset,OpenTrade FT Money Market Fund Yield,OpenTrade,US Treasury Debt,US Treasury Debt,3491501.206,,3,https://app.rwa.xyz/assets/XFTB,2025-09-26T14:40:48.571229,rwa.xyz,1,XFTB,Avalanche,Cayman Islands Segregated Portfolio Company,Manual Review Required,Manual Review Required,Manual Review Required,0,,,,
RWA_Asset,Matrixdock Short-term Treasury Bill Token,Prometheus Solutions Ltd.,US Treasury Debt,US Treasury Debt,3150905.197,,47,https://app.rwa.xyz/assets/STBT,2025-09-26T14:40:48.571229,rwa.xyz,1,STBT,Ethereum,Seychelles Limited Company,Singapore,Bank of New York Mellon,U.S. Accredited Investor,220092.2551,,,,
RWA_Asset,Etherfuse USTRY,Etherfuse,US Treasury Debt,US Treasury Debt,2267683.157,,254,https://app.rwa.xyz/assets/USTRY,2025-09-26T14:40:48.571229,rwa.xyz,1,USTRY,"Solana, Stellar","Delaware, U.S. Corporation",Switzerland,Spiko,Non-U.S. Investor,222908.6289,,,,
RWA_Asset,WisdomTree Floating Rate Treasury Digital Fund,WisdomTree Floating Rate Treasury Digital Fund,US Treasury Debt,US Treasury Debt,1834791.812,,145,https://app.rwa.xyz/assets/FLTTX,2025-09-26T14:40:48.571229,rwa.xyz,1,FLTTX,"Arbitrum, Avalanche, Base, Ethereum, Optimism, Stellar","Delaware, U.S. Statutory Trust",United States of America,State Street,U.S. Retail and Institutional Investor,0,,,,
RWA_Asset,WisdomTree Short-Term Treasury Digital Fund,WisdomTree Short-Term Treasury Digital Fund,US Treasury Debt,US Treasury Debt,1035004.758,,64,https://app.rwa.xyz/assets/WTSYX,2025-09-26T14:40:48.571229,rwa.xyz,1,WTSYX,"Arbitrum, Avalanche, Base, Ethereum, Optimism, Stellar","Delaware, U.S. Statutory Trust",United States of America,State Street,U.S. Retail and Institutional Investor,0,,,,
RWA_Asset,WisdomTree 3-7 Year Treasury Digital Fund,WisdomTree 3-7 Year Treasury Digital Fund,US Treasury Debt,US Treasury Debt,1007516.355,,28,https://app.rwa.xyz/assets/WTTSX,2025-09-26T14:40:48.571229,rwa.xyz,1,WTTSX,"Arbitrum, Avalanche, Base, Ethereum, Optimism, Stellar","Delaware, U.S. Statutory Trust",United States of America,State Street,U.S. Retail and Institutional Investor,0,,,,
RWA_Asset,WisdomTree TIPS Digital Fund,WisdomTree TIPS Digital Fund,US Treasury Debt,US Treasury Debt,982108.7521,,33,https://app.rwa.xyz/assets/TIPSX,2025-09-26T14:40:48.571229,rwa.xyz,1,TIPSX,"Arbitrum, Avalanche, Base, Ethereum, Optimism, Stellar","Delaware, U.S. Statutory Trust",United States of America,The Bank of New York Mellon Pershing,U.S. Retail and Institutional Investor,0,,,,
RWA_Asset,WisdomTree 7-10 Year Treasury Digital Fund,WisdomTree 7-10 Year Treasury Digital Fund,US Treasury Debt,US Treasury Debt,970975.9408,,18,https://app.rwa.xyz/assets/WTSTX,2025-09-26T14:40:48.571229,rwa.xyz,1,WTSTX,"Arbitrum, Avalanche, Base, Ethereum, Optimism, Stellar","Delaware, U.S. Statutory Trust",United States of America,State Street,U.S. Retail and Institutional Investor,0,,,,
RWA_Asset,WisdomTree Long Term Treasury Digital Fund,WisdomTree Long Term Treasury Digital Fund,US Treasury Debt,US Treasury Debt,831489.6158,,22,https://app.rwa.xyz/assets/WTLGX,2025-09-26T14:40:48.571229,rwa.xyz,1,WTLGX,"Arbitrum, Avalanche, Base, Ethereum, Optimism, Stellar","Delaware, U.S. Statutory Trust",United States of America,State Street,U.S. Retail and Institutional Investor,0,,,,
RWA_Asset,ArCoin,Arca Labs,US Treasury Debt,US Treasury Debt,434654.8151,,21,https://app.rwa.xyz/assets/RCOIN,2025-09-26T14:40:48.571229,rwa.xyz,1,RCOIN,Ethereum,"Delaware, U.S. Statutory Trust",United States of America,Manual Review Required,U.S. and Global Retail,0,,,,
RWA_Asset,OpenTrade Fixed Term U.S. Treasury Bill Vaults,OpenTrade,US Treasury Debt,US Treasury Debt,59404.44754,,11,https://app.rwa.xyz/assets/TBV,2025-09-26T14:40:48.571229,rwa.xyz,1,TBV,Ethereum,Cayman Islands Segregated Portfolio Company,United Kingdom,Five Sigma,Non-U.S. Accredited Investor,0,,,,
RWA_Asset,DigiFT Money Market Fund Token,DigiFT,US Treasury Debt,US Treasury Debt,33547.2555,,5,https://app.rwa.xyz/assets/DMMF01,2025-09-26T14:40:48.571229,rwa.xyz,1,DMMF01,Ethereum,Singapore Private Limited Company,Singapore,"Citibank, N.A.",Non-U.S. Accredited Investor,48458.0024,,,,
RWA_Asset,Swarm iShares $ Treasury Bond 0-1yr UCITS ETF,Swarm X,US Treasury Debt,US Treasury Debt,22193.0604,,22,https://app.rwa.xyz/assets/TBONDS01,2025-09-26T14:40:48.571229,rwa.xyz,1,TBONDS01,Polygon,German GmbH,Liechtenstein,ATG Azimut Treuhandgesellschaft mbH,Non-U.S. Investor,0,,,,
RWA_Asset,Swarm iShares $ Treasury Bond 1-3yr UCITS ETF,Swarm X,US Treasury Debt,US Treasury Debt,17502.1344,,30,https://app.rwa.xyz/assets/TBONDS13,2025-09-26T14:40:48.571229,rwa.xyz,1,TBONDS13,Polygon,German GmbH,Liechtenstein,ATG Azimut Treuhandgesellschaft mbH,Non-U.S. Investor,0,,,,
RWA_Asset,BlackRock ICS US Treasury Fund,Institutional Cash Series plc,US Treasury Debt,US Treasury Debt,1,,,https://app.rwa.xyz/assets/ABUTF,2025-09-26T14:40:48.571229,rwa.xyz,1,ABUTF,"Hedera Hashgraph, XDC",Ireland UCITS,Ireland,Archax,Manual Review Required,,,,,
RWA_Asset,Global Market Overview,"s,",U.S. Treasuries,U.S. Treasuries,30,,402746,https://app.rwa.xyz/assets/MPL,2025-09-26T14:40:48.571229,rwa.xyz,1,MPL,"Blockchain Capital III Digital Liquid Venture Fund Icon, Onchain Yield Coin Icon, Science Blockchain Icon",Manual Review Required,Manual Review Required,Manual Review Required,Manual Review Required,,,,,
RWA_Asset,Fidelity ILF - The United States Dollar Fund,Fidelity Institutional Liquidity Fund plc,US Treasury Debt,US Treasury Debt,1,,,https://app.rwa.xyz/assets/AFULF,2025-09-26T14:40:48.571229,rwa.xyz,1,AFULF,"Hedera Hashgraph, XDC",Ireland UCITS,Ireland,Archax,Manual Review Required,,,,,
RWA_Asset,LGIM US Dollar Liquidity Fund,Legal & General Investment Management Limited,US Treasury Debt,US Treasury Debt,1,,,https://app.rwa.xyz/assets/ALULF,2025-09-26T14:40:48.571229,rwa.xyz,1,ALULF,Hedera Hashgraph,United Kingdom Private Limited Company,Ireland,Archax,Manual Review Required,,,,,
RWA_Asset,State Street USD Liquidity LVNAV Fund,State Street Global Advisors,US Treasury Debt,US Treasury Debt,1,,,https://app.rwa.xyz/assets/ASULF,2025-09-26T14:40:48.571229,rwa.xyz,1,ASULF,"Hedera Hashgraph, XDC",Manual Review Required,Ireland,Archax,Manual Review Required,,,,,
RWA_Asset,ChinaAMC USD Digital Money Market Fund Class I USD,ChinaAMC,non-US Government Debt,non-US Government Debt,502102180,,2,https://app.rwa.xyz/assets/CUMIU,2025-09-26T14:40:48.571229,rwa.xyz,1,CUMIU,Ethereum,Hong Kong Open-ended Fund Company (OFC),Hong Kong,Standard Chartered Trustee (Hong Kong),Non-U.S. Investor,0,,,,
RWA_Asset,Spiko EU T-Bills Money Market Fund,Spiko,non-US Government Debt,non-US Government Debt,320999218.6,,1361,https://app.rwa.xyz/assets/EUTBL,2025-09-26T14:40:48.571229,rwa.xyz,1,EUTBL,"Arbitrum, Ethereum, Polygon",French SICAV (Société dinvestissement à capital variable),France,CACEIS,Manual Review Required,60940699,,,,
RWA_Asset,ChinaAMC HKD Digital Money Market Fund Class A HKD,ChinaAMC,non-US Government Debt,non-US Government Debt,90166126.77,,3,https://app.rwa.xyz/assets/CAMMF,2025-09-26T14:40:48.571229,rwa.xyz,1,CAMMF,Ethereum,Hong Kong Open-ended Fund Company (OFC),Hong Kong,Standard Chartered Trustee (Hong Kong),Non-U.S. Investor,0,,,,
RWA_Asset,ChinaAMC USD Digital Money Market Fund Class B USD,ChinaAMC,non-US Government Debt,non-US Government Debt,30712770.16,,1,https://app.rwa.xyz/assets/CUMBU,2025-09-26T14:40:48.571229,rwa.xyz,1,CUMBU,Ethereum,Hong Kong Open-ended Fund Company (OFC),Hong Kong,Standard Chartered Trustee (Hong Kong),Non-U.S. Investor,0,,,,
RWA_Asset,ChinaAMC RMB Digital Money Market Fund Class B RMB,ChinaAMC,non-US Government Debt,non-US Government Debt,30136095.66,,2,https://app.rwa.xyz/assets/CRMBR,2025-09-26T14:40:48.571229,rwa.xyz,1,CRMBR,Ethereum,Hong Kong Open-ended Fund Company (OFC),Hong Kong,Standard Chartered Trustee (Hong Kong),Non-U.S. Investor,0,,,,
RWA_Asset,OpenTrade Fixed Term E.U. Bonds Vault,OpenTrade,non-US Government Debt,non-US Government Debt,8540478.106,,10,https://app.rwa.xyz/assets/XEVT,2025-09-26T14:40:48.571229,rwa.xyz,1,XEVT,"Avalanche, Ethereum",Cayman Islands Segregated Portfolio Company,United Kingdom,Five Sigma,Manual Review Required,0,,,,
RWA_Asset,Etherfuse CETES,Etherfuse,non-US Government Debt,non-US Government Debt,4493633.189,,451,https://app.rwa.xyz/assets/CETES,2025-09-26T14:40:48.571229,rwa.xyz,1,CETES,"Base, Polygon, Solana, Stellar","Delaware, U.S. Corporation",Switzerland,Banco Bilbao Vizcaya Argentaria,Non-U.S. Investor,291878.6836,,,,
RWA_Asset,ChinaAMC USD Digital Money Market Fund Class F USD,ChinaAMC,non-US Government Debt,non-US Government Debt,4440803.877,,3,https://app.rwa.xyz/assets/CUMFU,2025-09-26T14:40:48.571229,rwa.xyz,1,CUMFU,Ethereum,Hong Kong Open-ended Fund Company (OFC),Hong Kong,Standard Chartered Trustee (Hong Kong),Non-U.S. Investor,0,,,,
RWA_Asset,ChinaAMC RMB Digital Money Market Fund Class F RMB,ChinaAMC,non-US Government Debt,non-US Government Debt,4340173.534,,2,https://app.rwa.xyz/assets/CRMFR,2025-09-26T14:40:48.571229,rwa.xyz,1,CRMFR,Ethereum,Hong Kong Open-ended Fund Company (OFC),Hong Kong,Standard Chartered Trustee (Hong Kong),Non-U.S. Investor,0,,,,
RWA_Asset,ChinaAMC HKD Digital Money Market Fund Class F HKD,ChinaAMC,non-US Government Debt,non-US Government Debt,1298000.506,,4,https://app.rwa.xyz/assets/CAMFF,2025-09-26T14:40:48.571229,rwa.xyz,1,CAMFF,Ethereum,Hong Kong Open-ended Fund Company (OFC),Hong Kong,Standard Chartered Trustee (Hong Kong),Non-U.S. Investor,0,,,,
RWA_Asset,Etherfuse TESOURO,Etherfuse,non-US Government Debt,non-US Government Debt,889900.0305,,131,https://app.rwa.xyz/assets/TESOURO,2025-09-26T14:40:48.571229,rwa.xyz,1,TESOURO,"Solana, Stellar","Delaware, U.S. Corporation",Switzerland,B3,Non-U.S. Investor,310498.8085,,,,
RWA_Asset,ChinaAMC HKD Digital Money Market Fund Class A USD,ChinaAMC,non-US Government Debt,non-US Government Debt,3407.380539,,2,https://app.rwa.xyz/assets/CAMMU,2025-09-26T14:40:48.571229,rwa.xyz,1,CAMMU,Ethereum,Hong Kong Open-ended Fund Company (OFC),Hong Kong,Standard Chartered Trustee (Hong Kong),Non-U.S. Investor,0,,,,
RWA_Asset,Etherfuse EUROB,Etherfuse,non-US Government Debt,non-US Government Debt,1484.45037,,29,https://app.rwa.xyz/assets/EUROB,2025-09-26T14:40:48.571229,rwa.xyz,1,EUROB,Solana,"Delaware, U.S. Corporation",Switzerland,Spiko,Non-U.S. Investor,0.38628588,,,,
RWA_Asset,Etherfuse GILTS,Etherfuse,non-US Government Debt,non-US Government Debt,1448.875012,,15,https://app.rwa.xyz/assets/GILTS,2025-09-26T14:40:48.571229,rwa.xyz,1,GILTS,Solana,"Delaware, U.S. Corporation",Switzerland,Archax,Non-U.S. Investor,0.707887234,,,,
RWA_Asset,ChinaAMC HKD Digital Money Market Fund Class A RMB,ChinaAMC,non-US Government Debt,non-US Government Debt,13.7912,,1,https://app.rwa.xyz/assets/CAMMR,2025-09-26T14:40:48.571229,rwa.xyz,1,CAMMR,Ethereum,Hong Kong Open-ended Fund Company (OFC),Hong Kong,Standard Chartered Trustee (Hong Kong),Non-U.S. Investor,0,,,,
RWA_Asset,abrdn Liquidity Fund (Lux) - Euro Fund,abrdn Liquidity Fund,non-US Government Debt,non-US Government Debt,1.17,,1,https://app.rwa.xyz/assets/AAELF,2025-09-26T14:40:48.571229,rwa.xyz,1,AAELF,XRP Ledger,Luxembourg UCITS,Luxembourg,Archax,Manual Review Required,0,,,,
RWA_Asset,abrdn Liquidity Fund (Lux) - Sterling Fund,abrdn Liquidity Fund,non-US Government Debt,non-US Government Debt,1.35,,35,https://app.rwa.xyz/assets/AAGLF,2025-09-26T14:40:48.571229,rwa.xyz,1,AAGLF,Hedera Hashgraph,Luxembourg UCITS,Luxembourg,Archax,Manual Review Required,,,,,
RWA_Asset,State Street GBP Liquidity LVNAV Fund,State Street Global Advisors,non-US Government Debt,non-US Government Debt,1.35,,35,https://app.rwa.xyz/assets/ASGLF,2025-09-26T14:40:48.571229,rwa.xyz,1,ASGLF,Hedera Hashgraph,Manual Review Required,Ireland,Archax,Manual Review Required,,,,,
RWA_Asset,KfW DLT I,KFW Bankengruppe,Corporate Bonds,Corporate Bonds,117433700,,1,https://app.rwa.xyz/assets/KFW,2025-09-26T14:40:48.571229,rwa.xyz,1,KFW,Polygon,Public Law Institution (Germany),Germany,Manual Review Required,Institutional Investor,0,,,,
RWA_Asset,NRW1,NRW.BANK,Corporate Bonds,Corporate Bonds,117433700,,1,https://app.rwa.xyz/assets/NRW1,2025-09-26T14:40:48.571229,rwa.xyz,1,NRW1,Polygon,Public Law Institution (Germany),Germany,Manual Review Required,Institutional Investor,0,,,,
RWA_Asset,Lemonaid-Crowdinvesting,Lemonaid,Corporate Bonds,Corporate Bonds,4057874.53,,1472,https://app.rwa.xyz/assets/LMA1,2025-09-26T14:40:48.571229,rwa.xyz,1,LMA1,Polygon,German GmbH,Luxembourg,Manual Review Required,Non-U.S. Investor,0,,,,
RWA_Asset,OpenTrade Rates+ Vault,OpenTrade,Corporate Bonds,Corporate Bonds,3993283.182,,2,https://app.rwa.xyz/assets/XRV,2025-09-26T14:40:48.571229,rwa.xyz,1,XRV,Avalanche,Cayman Islands Segregated Portfolio Company,United Kingdom,Five Sigma,Manual Review Required,0,,,,
RWA_Asset,WisdomTree Short-Duration Income Digital Fund,WisdomTree Short-Duration Income Digital Fund,Corporate Bonds,Corporate Bonds,1072702.579,,46,https://app.rwa.xyz/assets/WTSIX,2025-09-26T14:40:48.571229,rwa.xyz,1,WTSIX,"Arbitrum, Avalanche, Base, Ethereum, Optimism, Stellar","Delaware, U.S. Statutory Trust",Manual Review Required,State Street,Manual Review Required,0,,,,
RWA_Asset,USDC,Circle International,Stablecoins,Stablecoins,74083157328,,31621867,https://app.rwa.xyz/assets/USDC,2025-09-26T14:40:48.571229,rwa.xyz,1,USDC,"Aptos, Arbitrum, Avalanche, Base, BNB Chain, Celo, Ethereum, Hedera Hashgraph, MANTRA, NEAR, Noble, Optimism, Plume, Polygon, Solana, Stellar, TRON, XDC, XRP Ledger, ZKsync Era",Bermuda Limited Company,United States of America,The Bank of New York Mellon Mutual Funds,Institutional Investor,1.65105E+12,,,,
RWA_Asset,Tether USDt,Tether Holdings,Stablecoins,Stablecoins,1.78256E+11,,115063354,https://app.rwa.xyz/assets/USDT,2025-09-26T14:40:48.571229,rwa.xyz,1,USDT,"Aptos, Arbitrum, Avalanche, Celo, Ethereum, NEAR, Optimism, Plume, Polygon, Solana, TRON",British Virgin Islands Limited Company,United States of America,Manual Review Required,Manual Review Required,1.34176E+12,,,,
RWA_Asset,USDS,Sky,Stablecoins,Stablecoins,9105838849,,2894125,https://app.rwa.xyz/assets/USDS,2025-09-26T14:40:48.571229,rwa.xyz,1,USDS,"Ethereum, NEAR, Polygon, Solana",Non-Regulated,,Manual Review Required,Manual Review Required,1.22508E+11,,,,
RWA_Asset,Paxos Gold,Paxos,Commodities,Commodities,1095761472,,73934,https://app.rwa.xyz/assets/PAXG,2025-09-26T14:40:48.571229,rwa.xyz,1,PAXG,Ethereum,"New York, U.S. Limited Purpose Trust Company",United States of America,Brink’s Global Services Ltd.,U.S. and Global Retail,1431563428,,,,
RWA_Asset,Tether Gold,Tether Holdings,Commodities,Commodities,1407719994,,11728,https://app.rwa.xyz/assets/XAUT,2025-09-26T14:40:48.571229,rwa.xyz,1,XAUT,"Avalanche, Ethereum",British Virgin Islands Limited Company,United States of America,Manual Review Required,Manual Review Required,532611350,,,,
RWA_Asset,JSOY,Justoken,Commodities,Commodities,160077302.2,,5,https://app.rwa.xyz/assets/JSOY,2025-09-26T14:40:48.571229,rwa.xyz,1,JSOY,Polygon,United Kingdom Private Limited Company,Manual Review Required,B3,Institutional Investor,0,,,,
RWA_Asset,Gold,L,Commodities,Commodities,3745,,3745,https://app.rwa.xyz/assets/XAU,2025-09-26T14:40:48.571229,rwa.xyz,1,XAU,,Manual Review Required,Manual Review Required,Manual Review Required,Manual Review Required,,,,,
RWA_Asset,JCOT,Justoken,Commodities,Commodities,19159617.2,,1,https://app.rwa.xyz/assets/JCOT,2025-09-26T14:40:48.571229,rwa.xyz,1,JCOT,Polygon,United Kingdom Private Limited Company,Manual Review Required,B3,Institutional Investor,0,,,,
RWA_Asset,Comtech Gold,Comtech Gold,Commodities,Commodities,11445245.76,,399,https://app.rwa.xyz/assets/CGO,2025-09-26T14:40:48.571229,rwa.xyz,1,CGO,XDC,UAE Limited Company,United Arab Emirates,Transguard Group,Manual Review Required,0,,,,
RWA_Asset,JCORN,Justoken,Commodities,Commodities,4781615.355,,3,https://app.rwa.xyz/assets/JCORN,2025-09-26T14:40:48.571229,rwa.xyz,1,JCORN,Polygon,United Kingdom Private Limited Company,Manual Review Required,B3,Institutional Investor,0,,,,
RWA_Asset,tGold,Aurus,Commodities,Commodities,9500391.194,,499,https://app.rwa.xyz/assets/TXAU,2025-09-26T14:40:48.571229,rwa.xyz,1,TXAU,Ethereum,United Kingdom Private Limited Company,Manual Review Required,Manual Review Required,Manual Review Required,0,,,,
RWA_Asset,WisdomTree Gold Token,WisdomTree Digital Holdings,Commodities,Commodities,1747148.181,,594,https://app.rwa.xyz/assets/WTGOLD,2025-09-26T14:40:48.571229,rwa.xyz,1,WTGOLD,Stellar,"New York, U.S. Limited Purpose Trust Company",United States of America,HSBC,Manual Review Required,0,,,,
RWA_Asset,VNX Gold,VNX,Commodities,Commodities,3517574.248,,69,https://app.rwa.xyz/assets/VNXAU,2025-09-26T14:40:48.571229,rwa.xyz,1,VNXAU,Ethereum,Liechtenstein Limited Company,Liechtenstein,OZL Offenes Zollager in Liechtenstein AG,Manual Review Required,0,,,,
RWA_Asset,tSilver,Aurus,Commodities,Commodities,1677840.262,,101,https://app.rwa.xyz/assets/TXAG,2025-09-26T14:40:48.571229,rwa.xyz,1,TXAG,Ethereum,United Kingdom Private Limited Company,Manual Review Required,Manual Review Required,Manual Review Required,0,,,,
RWA_Asset,tPlatinum,Aurus,Commodities,Commodities,21.3218,,22,https://app.rwa.xyz/assets/TXPT,2025-09-26T14:40:48.571229,rwa.xyz,1,TXPT,Ethereum,United Kingdom Private Limited Company,Manual Review Required,Manual Review Required,Manual Review Required,0,,,,
RWA_Asset,Teucrium Wheat Fund,L,Commodities,Commodities,4.23,,2300,https://app.rwa.xyz/assets/WEAT,2025-09-26T14:40:48.571229,rwa.xyz,1,WEAT,,Manual Review Required,Manual Review Required,Manual Review Required,Manual Review Required,,,,,
RWA_Asset,Mineral Vault I Security Token,Mineral Vault,Commodities,Commodities,2272465.299,,9968,https://app.rwa.xyz/assets/MNRL,2025-09-26T14:40:48.571229,rwa.xyz,1,MNRL,Plume,British Virgin Islands Company Limited by Shares,Manual Review Required,Coinbase Prime,"Non-U.S. Accredited Investor, Non-U.S. Investor",,,,,
RWA_Asset,Diamond Standard Coin,Diamond Standard,Commodities,Commodities,,,,https://app.rwa.xyz/assets/DSC,2025-09-26T14:40:48.571229,rwa.xyz,1,DSC,Hedera Hashgraph,Bermuda Limited Company,Manual Review Required,Brinks,"Institutional Investor, U.S. and Global Retail, Accredited Investor",,,,,
RWA_Asset,Janus Henderson Anemoy AAA CLO Fund,Anemoy,Institutional Alternative Funds,Institutional Alternative Funds,783085649.4,,9,https://app.rwa.xyz/assets/JAAA,2025-09-26T14:40:48.571229,rwa.xyz,1,JAAA,"Avalanche, Base, Ethereum",British Virgin Islands Segregated Portfolio Company,Manual Review Required,StoneX,Non-U.S. Investor,176648830.4,,,,
RWA_Asset,Superstate Crypto Carry Fund,Superstate Asset Trust,Institutional Alternative Funds,Institutional Alternative Funds,246803088.3,,45,https://app.rwa.xyz/assets/USCC,2025-09-26T14:40:48.571229,rwa.xyz,1,USCC,"Ethereum, Plume, Solana","Delaware, U.S. Statutory Trust",United States of America,NAV Consulting,U.S. Qualified Purchaser,69984797.65,,,,
RWA_Asset,Mantle Index Four Fund,Mantle Index Four,Institutional Alternative Funds,Institutional Alternative Funds,218924593.7,,3,https://app.rwa.xyz/assets/MI4,2025-09-26T14:40:48.571229,rwa.xyz,1,MI4,Mantle,British Virgin Islands Limited Partnership,Manual Review Required,OSL Digital Securities Limited,U.S. Accredited Investor,0,,,,
RWA_Asset,"Legion Strategies, Ltd.","Legion Strategies, Ltd.",Institutional Alternative Funds,Institutional Alternative Funds,217928796.9,,1,https://app.rwa.xyz/assets/LS,2025-09-26T14:40:48.571229,rwa.xyz,1,LS,Avalanche,Cayman Islands Exempted Company,United States of America,Manual Review Required,"U.S. Accredited Investor, U.S. Qualified Purchaser, Non-U.S. Investor",0,,,,
RWA_Asset,Blockchain Capital III Digital Liquid Venture Fund,Blockchain Capital III Digital Liquid Venture Fund,Institutional Alternative Funds,Institutional Alternative Funds,214764824.3,,78,https://app.rwa.xyz/assets/BCAP,2025-09-26T14:40:48.571229,rwa.xyz,1,BCAP,"Ethereum, ZKsync Era",Singapore Private Limited Company,United States of America,BC Manager,Manual Review Required,2367432,,,,
RWA_Asset,Apollo Diversified Credit Securitize Fund,Securitize Tokenized Apollo Diversified Credit Fund,Institutional Alternative Funds,Institutional Alternative Funds,127022717.1,,34,https://app.rwa.xyz/assets/ACRED,2025-09-26T14:40:48.571229,rwa.xyz,1,ACRED,"Aptos, Avalanche, Ethereum, Polygon, SEI, Solana",British Virgin Islands Limited Company,United States of America,Silicon Valley Bank,Accredited Investor,507564.3754,,,,
RWA_Asset,Global Market Overview,"s,",Institutional Funds,Institutional Funds,30,,402746,https://app.rwa.xyz/assets/ON,2025-09-26T14:40:48.571229,rwa.xyz,1,ON,"Blockchain Capital III Digital Liquid Venture Fund Icon, Onchain Yield Coin Icon, Science Blockchain Icon",Manual Review Required,Manual Review Required,Manual Review Required,Manual Review Required,,,,,
RWA_Asset,Digital Macro Fund LTD,Digital Macro Fund LTD,Institutional Alternative Funds,Institutional Alternative Funds,66043590.71,,1,https://app.rwa.xyz/assets/DMF,2025-09-26T14:40:48.571229,rwa.xyz,1,DMF,Avalanche,Cayman Islands Exempted Company,United States of America,MG Stover & Co.,"U.S. Accredited Investor, U.S. Qualified Purchaser",0,,,,
RWA_Asset,SPiCE VC,SPiCE Venture Capital Fund,Institutional Alternative Funds,Institutional Alternative Funds,26817300.27,,290,https://app.rwa.xyz/assets/SPICE,2025-09-26T14:40:48.571229,rwa.xyz,1,SPICE,Ethereum,Singapore Private Limited Company,United States of America,Manual Review Required,Manual Review Required,0,,,,
RWA_Asset,Cosimo X,Cosimo X Fund,Institutional Alternative Funds,Institutional Alternative Funds,21843738.25,,2,https://app.rwa.xyz/assets/COSX,2025-09-26T14:40:48.571229,rwa.xyz,1,COSX,Ethereum,Cayman Islands Limited Liability Company,United States of America,Manual Review Required,Manual Review Required,0,,,,
RWA_Asset,Re Member Fund LP,Re,Institutional Alternative Funds,Institutional Alternative Funds,12945000,,2,https://app.rwa.xyz/assets/RE,2025-09-26T14:40:48.571229,rwa.xyz,1,RE,Avalanche,Cayman Islands Exempted Foundation Company Limited by Guarantee,United States of America,Theorem Fund Services,Manual Review Required,0,,,,
RWA_Asset,Republic NOTE,Republic,Institutional Alternative Funds,Institutional Alternative Funds,32800000,,7476,https://app.rwa.xyz/assets/NOTE,2025-09-26T14:40:48.571229,rwa.xyz,1,NOTE,Avalanche,"Delaware, Limited Liability Company",United States of America,Manual Review Required,Manual Review Required,179962.0898,,,,
RWA_Asset,Science Blockchain,Science Blockchain Fund,Institutional Alternative Funds,Institutional Alternative Funds,11882817.73,,410,https://app.rwa.xyz/assets/SCI2,2025-09-26T14:40:48.571229,rwa.xyz,1,SCI2,Ethereum,Singapore Private Limited Company,United States of America,Manual Review Required,Manual Review Required,5262.52,,,,
RWA_Asset,Hamilton Lane Senior Credit Opportunities Securitize Fund,Hamilton Lane SCOPE Securitize Tokenized Feeder Fund,Institutional Alternative Funds,Institutional Alternative Funds,10363278.4,,51,https://app.rwa.xyz/assets/HLSCOPE,2025-09-26T14:40:48.571229,rwa.xyz,1,HLSCOPE,"Ethereum, Optimism, Polygon","Delaware, U.S. Limited Partnership",United States of America,Silicon Valley Bank,Accredited Investor,0,,,,
RWA_Asset,Libre SAF VCC - BH Master Fund Access,Libre SAF VCC,Institutional Alternative Funds,Institutional Alternative Funds,8303534.08,,3,https://app.rwa.xyz/assets/BHMA,2025-09-26T14:40:48.571229,rwa.xyz,1,BHMA,"Aptos, Avalanche, Hedera Hashgraph, Polygon, SEI, Solana, XDC",Singapore Variable Capital Company (VCC),Manual Review Required,Manual Review Required,"Institutional Investor, Accredited Investor",0,,,,
RWA_Asset,Libre SAF VCC - Hamilton Lane SCOPE Private Credit Access,Libre SAF VCC,Institutional Alternative Funds,Institutional Alternative Funds,7015871.157,,3,https://app.rwa.xyz/assets/HLSPCA,2025-09-26T14:40:48.571229,rwa.xyz,1,HLSPCA,"Aptos, Avalanche, Hedera Hashgraph, NEAR, Polygon, SEI, Solana, XDC",Singapore Variable Capital Company (VCC),Manual Review Required,Manual Review Required,"Institutional Investor, Accredited Investor",0,,,,
RWA_Asset,Protos,RTS Cam Ptd. Ltd.,Institutional Alternative Funds,Institutional Alternative Funds,6479309.7,,110,https://app.rwa.xyz/assets/PRTS,2025-09-26T14:40:48.571229,rwa.xyz,1,PRTS,Ethereum,Singapore Private Limited Company,United States of America,Manual Review Required,Manual Review Required,95465.88,,,,
RWA_Asset,Hamilton Lane Secondary VI Securitize Fund,Hamilton Lane SF6 - Securitize Tokenized Feeder Fund,Institutional Alternative Funds,Institutional Alternative Funds,6450000,,2,https://app.rwa.xyz/assets/HLSF6,2025-09-26T14:40:48.571229,rwa.xyz,1,HLSF6,Polygon,British Virgin Islands Limited Company,United States of America,Silicon Valley Bank,Accredited Investor,0,,,,
RWA_Asset,Hamilton Lane Equity Opportunities Securitize Fund V,"Securitize Capital Hamilton Lane EOV Tokenized Fund, LP.",Institutional Alternative Funds,Institutional Alternative Funds,5521250,,3,https://app.rwa.xyz/assets/HLEOV,2025-09-26T14:40:48.571229,rwa.xyz,1,HLEOV,Polygon,"Delaware, U.S. Limited Partnership",United States of America,Silicon Valley Bank,Accredited Investor,0,,,,
RWA_Asset,KKR Health Care Strategic Growth II Securitize Fund,KKR Health Care Strategic Growth II Securitize Fund,Institutional Alternative Funds,Institutional Alternative Funds,4907000,,1,https://app.rwa.xyz/assets/SKHC,2025-09-26T14:40:48.571229,rwa.xyz,1,SKHC,Avalanche,British Virgin Islands Segregated Portfolio Company,United States of America,Formidium Corp.,Manual Review Required,0,,,,
RWA_Asset,Libre SAF VCC - Laser Digital Tokenized Carry Fund A,Libre SAF VCC,Institutional Alternative Funds,Institutional Alternative Funds,3103079.034,,1,https://app.rwa.xyz/assets/LDCFA,2025-09-26T14:40:48.571229,rwa.xyz,1,LDCFA,"Avalanche, Hedera Hashgraph, SEI, XDC",Singapore Variable Capital Company (VCC),Manual Review Required,Manual Review Required,Manual Review Required,0,,,,
RWA_Asset,ParaFi Venture II Securitize Fund,ParaFi Venture II Securitize Fund,Institutional Alternative Funds,Institutional Alternative Funds,2265000,,1,https://app.rwa.xyz/assets/PARAVII,2025-09-26T14:40:48.571229,rwa.xyz,1,PARAVII,Avalanche,Manual Review Required,Manual Review Required,Manual Review Required,Manual Review Required,0,,,,
RWA_Asset,Alphaledger / Simplify Target 12% Distribution Fund,Alphaledger,Institutional Alternative Funds,Institutional Alternative Funds,1733087.056,,1,https://app.rwa.xyz/assets/T12,2025-09-26T14:40:48.571229,rwa.xyz,1,T12,Solana,Manual Review Required,Manual Review Required,US Bancorp,Accredited Investor,0,,,,
RWA_Asset,WisdomTree Private Credit and Alternative Income Digital Fund,WisdomTree,Institutional Alternative Funds,Institutional Alternative Funds,1561210.999,,22,https://app.rwa.xyz/assets/CRDT,2025-09-26T14:40:48.571229,rwa.xyz,1,CRDT,"Ethereum, Stellar",Manual Review Required,United States of America,Bank of New York Mellon,U.S. Retail and Institutional Investor,68.8996954,,,,
RWA_Asset,Libre SAF VCC - Access Private Credit Feeder A,Libre SAF VCC,Institutional Alternative Funds,Institutional Alternative Funds,1500000,,1,https://app.rwa.xyz/assets/APCA,2025-09-26T14:40:48.571229,rwa.xyz,1,APCA,"Avalanche, Hedera Hashgraph, MANTRA",Singapore Variable Capital Company (VCC),Manual Review Required,Manual Review Required,Manual Review Required,0,,,,
RWA_Asset,22X Fund,Batch 22X,Institutional Alternative Funds,Institutional Alternative Funds,351833.774,,64,https://app.rwa.xyz/assets/22X,2025-09-26T14:40:48.571229,rwa.xyz,1,22X,Ethereum,Cayman Islands Exempted Company,United States of America,Manual Review Required,Manual Review Required,0,,,,
RWA_Asset,Exodus Movement Inc. Class A,Exodus,Public Equity,Public Equity,259666500,,259666500,https://app.rwa.xyz/assets/EXOD,2025-09-26T14:40:48.571229,rwa.xyz,1,EXOD,Algorand,"Delaware, U.S. Corporation",Manual Review Required,Manual Review Required,Manual Review Required,0,,,,
RWA_Asset,Montis Group Limited,Montis Group Limited,Public Equity,Public Equity,55350514.08,,1,https://app.rwa.xyz/assets/MGL,2025-09-26T14:40:48.571229,rwa.xyz,1,MGL,XRP Ledger,United Kingdom Private Limited Company,United Kingdom,Manual Review Required,Manual Review Required,0,,,,
RWA_Asset,SPDR S&P 500 ETF Trust,State Street Global Advisors,Public Equity,Public Equity,,,,https://app.rwa.xyz/assets/SPY,2025-09-26T14:40:48.571229,rwa.xyz,1,SPY,,Manual Review Required,Manual Review Required,Manual Review Required,Manual Review Required,,,,,
RWA_Asset,iShares Core S&P 500 ETF,,Public Equity,Public Equity,,,,https://app.rwa.xyz/assets/IVV,2025-09-26T14:40:48.571229,rwa.xyz,1,IVV,,Manual Review Required,Manual Review Required,Manual Review Required,Manual Review Required,,,,,
RWA_Asset,Tesla Inc. DL - 001,"Tesla, Inc.",Public Equity,Public Equity,,,,https://app.rwa.xyz/assets/TSLA,2025-09-26T14:40:48.571229,rwa.xyz,1,TSLA,,Manual Review Required,Manual Review Required,Manual Review Required,Manual Review Required,,,,,
RWA_Asset,iShares 20+ Year Treasury Bond ETF,,Public Equity,Public Equity,,,,https://app.rwa.xyz/assets/TLT,2025-09-26T14:40:48.571229,rwa.xyz,1,TLT,,Manual Review Required,Manual Review Required,Manual Review Required,Manual Review Required,,,,,
RWA_Asset,The Invesco QQQ Trust,Invesco Capital Management,Public Equity,Public Equity,,,,https://app.rwa.xyz/assets/QQQ,2025-09-26T14:40:48.571229,rwa.xyz,1,QQQ,,Manual Review Required,Manual Review Required,Manual Review Required,Manual Review Required,,,,,
RWA_Asset,WisdomTree 500 Digital Fund,WisdomTree 500 Digital Fund,Public Equity,Public Equity,15781183.26,,153,https://app.rwa.xyz/assets/SPXUX,2025-09-26T14:40:48.571229,rwa.xyz,1,SPXUX,"Arbitrum, Avalanche, Base, Ethereum, Optimism, Stellar","Delaware, U.S. Statutory Trust",Manual Review Required,State Street,Manual Review Required,0,,,,
RWA_Asset,iShares Core MSCI EAFE ETF,,Public Equity,Public Equity,,,,https://app.rwa.xyz/assets/IEFA,2025-09-26T14:40:48.571229,rwa.xyz,1,IEFA,,Manual Review Required,Manual Review Required,Manual Review Required,Manual Review Required,,,,,
RWA_Asset,iShares Core US Aggregate Bond ETF,,Public Equity,Public Equity,,,,https://app.rwa.xyz/assets/AGG,2025-09-26T14:40:48.571229,rwa.xyz,1,AGG,,Manual Review Required,Manual Review Required,Manual Review Required,Manual Review Required,,,,,
RWA_Asset,iShares TIPS Bond ETF,,Public Equity,Public Equity,,,,https://app.rwa.xyz/assets/TIP,2025-09-26T14:40:48.571229,rwa.xyz,1,TIP,,Manual Review Required,Manual Review Required,Manual Review Required,Manual Review Required,,,,,
RWA_Asset,iShares Core S&P Total US Stock Market ETF,,Public Equity,Public Equity,,,,https://app.rwa.xyz/assets/ITOT,2025-09-26T14:40:48.571229,rwa.xyz,1,ITOT,,Manual Review Required,Manual Review Required,Manual Review Required,Manual Review Required,,,,,
RWA_Asset,iShares MSCI EAFE ETF,,Public Equity,Public Equity,,,,https://app.rwa.xyz/assets/EFA,2025-09-26T14:40:48.571229,rwa.xyz,1,EFA,,Manual Review Required,Manual Review Required,Manual Review Required,Manual Review Required,,,,,
RWA_Asset,iShares Russell 1000 Growth ETF,,Public Equity,Public Equity,,,,https://app.rwa.xyz/assets/IWF,2025-09-26T14:40:48.571229,rwa.xyz,1,IWF,,Manual Review Required,Manual Review Required,Manual Review Required,Manual Review Required,,,,,
RWA_Asset,iShares Gold Trust,NetworkDomicileClear FiltersRWA.xyzAll Rights ReservedData PartnersBlogTerms of UsePrivacy Policy,Public Equity,Public Equity,,,,https://app.rwa.xyz/assets/IAU,2025-09-26T14:40:48.571229,rwa.xyz,1,IAU,,Manual Review Required,Manual Review Required,Manual Review Required,Manual Review Required,,,,,
RWA_Asset,iShares Core MSCI Emerging Markets ETF,,Public Equity,Public Equity,,,,https://app.rwa.xyz/assets/IEMG,2025-09-26T14:40:48.571229,rwa.xyz,1,IEMG,,Manual Review Required,Manual Review Required,Manual Review Required,Manual Review Required,,,,,
RWA_Asset,Microstrategy Inc. - Class A,Microstrategy Inc.,Public Equity,Public Equity,,,,https://app.rwa.xyz/assets/MSTR,2025-09-26T14:40:48.571229,rwa.xyz,1,MSTR,,Manual Review Required,Manual Review Required,Manual Review Required,Manual Review Required,,,,,
RWA_Asset,NVIDIA Corp,NVIDIA Corp,Public Equity,Public Equity,,,,https://app.rwa.xyz/assets/NVDA,2025-09-26T14:40:48.571229,rwa.xyz,1,NVDA,,Manual Review Required,Manual Review Required,Manual Review Required,Manual Review Required,,,,,
RWA_Asset,iShares MSCI Emerging Markets ETF,NetworkDomicileClear FiltersRWA.xyzAll Rights ReservedData PartnersBlogTerms of UsePrivacy Policy,Public Equity,Public Equity,,,,https://app.rwa.xyz/assets/EEM,2025-09-26T14:40:48.571229,rwa.xyz,1,EEM,,Manual Review Required,Manual Review Required,Manual Review Required,Manual Review Required,,,,,
RWA_Asset,WisdomTree Technology & Innovation 100 Digital Fund,WisdomTree Technology & Innovation 100 Digital Fund,Public Equity,Public Equity,5055628.111,,170,https://app.rwa.xyz/assets/TECHX,2025-09-26T14:40:48.571229,rwa.xyz,1,TECHX,"Arbitrum, Avalanche, Base, Ethereum, Optimism, Stellar","Delaware, U.S. Statutory Trust",Manual Review Required,State Street,Manual Review Required,0,,,,
RWA_Asset,Circle Internet Group,Circle Internet Group,Public Equity,Public Equity,,,,https://app.rwa.xyz/assets/CRCL,2025-09-26T14:40:48.571229,rwa.xyz,1,CRCL,,Manual Review Required,Manual Review Required,Manual Review Required,Manual Review Required,,,,,
RWA_Asset,iShares Silver Trust,,Public Equity,Public Equity,,,,https://app.rwa.xyz/assets/SLV,2025-09-26T14:40:48.571229,rwa.xyz,1,SLV,,Manual Review Required,Manual Review Required,Manual Review Required,Manual Review Required,,,,,
RWA_Asset,iShares Russell 2000 Value ETF,,Public Equity,Public Equity,,,,https://app.rwa.xyz/assets/IWN,2025-09-26T14:40:48.571229,rwa.xyz,1,IWN,,Manual Review Required,Manual Review Required,Manual Review Required,Manual Review Required,,,,,
RWA_Asset,iShares Core S&P 500 UCITS ETF,iShares by BlackRock,Public Equity,Public Equity,,,,https://app.rwa.xyz/assets/CSPX,2025-09-26T14:40:48.571229,rwa.xyz,1,CSPX,,Manual Review Required,Manual Review Required,Manual Review Required,Manual Review Required,,,,,
PC_Protocol,Figure,Figure,Protocol Aggregation,Private Credit,16329165514,,,https://app.rwa.xyz/private-credit,2025-09-26T17:54:00.311786,rwa.xyz,,,,,,,,,,,,
PC_Protocol,Provenance,Provenance,Protocol Aggregation,Private Credit,12680434445,,,https://app.rwa.xyz/private-credit,2025-09-26T17:54:00.311792,rwa.xyz,,,,,,,,,,,,
PC_Protocol,Tradable,Tradable,Protocol Aggregation,Private Credit,5073836370,11.08,,https://app.rwa.xyz/private-credit,2025-09-26T17:54:00.311794,rwa.xyz,,,,,,,,,,,,
PC_Protocol,Maple,Maple,Protocol Aggregation,Private Credit,4456918004,9.35,,https://app.rwa.xyz/private-credit,2025-09-26T17:54:00.311796,rwa.xyz,,,,,,,,,,,,
PC_Protocol,PACT,PACT,Protocol Aggregation,Private Credit,1903296050,29.15,,https://app.rwa.xyz/private-credit,2025-09-26T17:54:00.311798,rwa.xyz,,,,,,,,,,,,
PC_Protocol,MB | Mercado Bitcoin,MB | Mercado Bitcoin,Protocol Aggregation,Private Credit,292881062,15.81,,https://app.rwa.xyz/private-credit,2025-09-26T17:54:00.311800,rwa.xyz,,,,,,,,,,,,
PC_Protocol,Centrifuge,Centrifuge,Protocol Aggregation,Private Credit,606321230,8.72,,https://app.rwa.xyz/private-credit,2025-09-26T17:54:00.311802,rwa.xyz,,,,,,,,,,,,
PC_Protocol,Goldfinch,Goldfinch,Protocol Aggregation,Private Credit,170039495,12.42,,https://app.rwa.xyz/private-credit,2025-09-26T17:54:00.311804,rwa.xyz,,,,,,,,,,,,
PC_Protocol,Credix,Credix,Protocol Aggregation,Private Credit,46140100,18.78,,https://app.rwa.xyz/private-credit,2025-09-26T17:54:00.311806,rwa.xyz,,,,,,,,,,,,
PC_Protocol,TrueFi,TrueFi,Protocol Aggregation,Private Credit,1716996769,,,https://app.rwa.xyz/private-credit,2025-09-26T17:54:00.311808,rwa.xyz,,,,,,,,,,,,
PC_Pool,Syrup USDC,Maple,USDC Pool,Private Credit,1038826399,7.2,0,https://app.rwa.xyz/private-credit,2025-09-26T17:54:00.311810,rwa.xyz,,,,,,,,,Open,USDC,,
PC_Pool,Syrup USDT,Maple,USDT Pool,Private Credit,176063328,8,0,https://app.rwa.xyz/private-credit,2025-09-26T17:54:00.311812,rwa.xyz,,,,,,,,,Open,USDT,,
PC_Pool,High Yield Secured Lending Maple Pool USDC1,Maple,USDC Pool,Private Credit,63422043,7.22,0,https://app.rwa.xyz/private-credit,2025-09-26T17:54:00.311814,rwa.xyz,,,,,,,,,Open,USDC,,
PC_Pool,Maple Direct USDC1,Maple,USDC Pool,Private Credit,35531402,8.45,0,https://app.rwa.xyz/private-credit,2025-09-26T17:54:00.311816,rwa.xyz,,,,,,,,,Open,USDC,,
PC_Pool,Maven 11 wETH Pool,Maple,wETH Pool,Private Credit,34880874,6.41,16194691,https://app.rwa.xyz/private-credit,2025-09-26T17:54:00.311818,rwa.xyz,,,,,,,,,Open,wETH,,
PC_Pool,Opportunistic High Yield Maple Pool USDC1,Maple,USDC Pool,Private Credit,8281889,12.02,0,https://app.rwa.xyz/private-credit,2025-09-26T17:54:00.311820,rwa.xyz,,,,,,,,,Full,USDC,,
PC_Pool,Maven 11 - USDC (Permissioned),Maple,USDC Pool,Private Credit,7497753,13,0,https://app.rwa.xyz/private-credit,2025-09-26T17:54:00.311822,rwa.xyz,,,,,,,,,Full,USDC,,
PC_Pool,AQRU Maple Pool USDC1,Maple,USDC Pool,Private Credit,7485235,16.2,0,https://app.rwa.xyz/private-credit,2025-09-26T17:54:00.311824,rwa.xyz,,,,,,,,,Full,USDC,,
PC_Pool,High Yield Corporate Loan Maple Pool WETH1,Maple,wETH Pool,Private Credit,5506195,5.25,0,https://app.rwa.xyz/private-credit,2025-09-26T17:54:00.311826,rwa.xyz,,,,,,,,,Full,wETH,,
PC_Pool,Maven 11 - USDC 01,Maple,USDC Pool,Private Credit,0,11.27,30990712,https://app.rwa.xyz/private-credit,2025-09-26T17:54:00.311828,rwa.xyz,,,,,,,,,Full,USDC,,
PC_Pool,Orthogonal Trading - USDC01,Maple,USDC Pool,Private Credit,0,7.6,9997004,https://app.rwa.xyz/private-credit,2025-09-26T17:54:00.311830,rwa.xyz,,,,,,,,,Full,USDC,,
PC_Pool,Berkeley Square,PACT,Pool,Private Credit,192219761,11.31,14735649,https://app.rwa.xyz/private-credit,2025-09-26T17:54:00.311832,rwa.xyz,,,,,,,,,Open,,,
PC_Pool,Berkeley Square Pool 2,PACT,Pool,Private Credit,159417179,63.74,102286811,https://app.rwa.xyz/private-credit,2025-09-26T17:54:00.311834,rwa.xyz,,,,,,,,,Open,,,
PC_Pool,Berkeley Square Pool 3,PACT,Pool,Private Credit,106236911,0,0,https://app.rwa.xyz/private-credit,2025-09-26T17:54:00.311836,rwa.xyz,,,,,,,,,Open,,,
PC_Pool,Berkeley Square Pool 4,PACT,Pool,Private Credit,75503951,0,0,https://app.rwa.xyz/private-credit,2025-09-26T17:54:00.311838,rwa.xyz,,,,,,,,,Open,,,
PC_Pool,Berkeley Square Pool 5,PACT,Pool,Private Credit,44160334,0.13,0,https://app.rwa.xyz/private-credit,2025-09-26T17:54:00.311840,rwa.xyz,,,,,,,,,Open,,,
PC_Pool,Berkeley Square Pool 6,PACT,Pool,Private Credit,22012863,14.59,52346,https://app.rwa.xyz/private-credit,2025-09-26T17:54:00.311842,rwa.xyz,,,,,,,,,Open,,,
PC_Pool,Berkeley Square Pool 7,PACT,Pool,Private Credit,6948780,114.31,2089937,https://app.rwa.xyz/private-credit,2025-09-26T17:54:00.311844,rwa.xyz,,,,,,,,,Open,,,
PC_Pool,Goldfinch Senior Pool,Goldfinch,USDC Pool,Private Credit,59779266,9.55,3812718,https://app.rwa.xyz/private-credit,2025-09-26T17:54:00.311846,rwa.xyz,,,,,,,,,Open,USDC,,
PC_Pool,credix-marketplace,Credix,USDC Pool,Private Credit,13840996,18.57,0,https://app.rwa.xyz/private-credit,2025-09-26T17:54:00.311848,rwa.xyz,,,,,,,,,Open,USDC,,
PC_Pool,New Silver 2,Centrifuge,USDS Pool,Private Credit,30844192,8.44,0,https://app.rwa.xyz/private-credit,2025-09-26T17:54:00.311850,rwa.xyz,,,,,,,,,Open,USDS,,
PC_Pool,REIF Pool,Centrifuge,USDS Pool,Private Credit,8908068,9.53,12650334,https://app.rwa.xyz/private-credit,2025-09-26T17:54:00.311852,rwa.xyz,,,,,,,,,Full,USDS,,
PC_Pool,Branch Series 3,Centrifuge,USDS Pool,Private Credit,7444377,13.1,12785924,https://app.rwa.xyz/private-credit,2025-09-26T17:54:00.311854,rwa.xyz,,,,,,,,,Open,USDS,,
PC_Pool,Cauris Global Fintech 1,Centrifuge,USDS Pool,Private Credit,7179290,11.33,10830744,https://app.rwa.xyz/private-credit,2025-09-26T17:54:00.311856,rwa.xyz,,,,,,,,,Full,USDS,,
PC_Pool,ALT 1.0,Centrifuge,USDS Pool,Private Credit,5153275,13.85,7258192,https://app.rwa.xyz/private-credit,2025-09-26T17:54:00.311858,rwa.xyz,,,,,,,,,Open,USDS,,
PC_Pool,Bling Series 1,Centrifuge,USDS Pool,Private Credit,4483271,7.8,5138314,https://app.rwa.xyz/private-credit,2025-09-26T17:54:00.311860,rwa.xyz,,,,,,,,,Full,USDS,,
PC_Pool,Fortunafi 1,Centrifuge,USDS Pool,Private Credit,4398054,11.26,7217586,https://app.rwa.xyz/private-credit,2025-09-26T17:54:00.311862,rwa.xyz,,,,,,,,,Open,USDS,,
PC_Pool,Harbor Trade 2,Centrifuge,USDS Pool,Private Credit,1555392,9.5,2136376,https://app.rwa.xyz/private-credit,2025-09-26T17:54:00.311864,rwa.xyz,,,,,,,,,Full,USDS,,
PC_Pool,ConsolFreight 4,Centrifuge,USDS Pool,Private Credit,1197273,9,2257147,https://app.rwa.xyz/private-credit,2025-09-26T17:54:00.311866,rwa.xyz,,,,,,,,,Open,USDS,,
PC_Pool,databased.FINANCE 1,Centrifuge,USDS Pool,Private Credit,0,10.04,159818,https://app.rwa.xyz/private-credit,2025-09-26T17:54:00.311868,rwa.xyz,,,,,,,,,Open,USDS,,
PC_Pool,FNO1,Centrifuge,USDS Pool,Private Credit,0,73.83,606347,https://app.rwa.xyz/private-credit,2025-09-26T17:54:00.311870,rwa.xyz,,,,,,,,,Full,USDS,,
PC_Pool,"US Buy Now, Pay Later Finance Provider Senior Secured Term Notes",Tradable,Term Notes,Private Credit,235000000,9.19,0,https://app.rwa.xyz/private-credit,2025-09-26T17:54:00.311872,rwa.xyz,,,,,,,,,Active,USDC,12/19/2023,3/16/2027
PC_Pool,North America Rent Financing Platform Senior Secured Term Notes,Tradable,Term Notes,Private Credit,202500000,7.81,0,https://app.rwa.xyz/private-credit,2025-09-26T17:54:00.311874,rwa.xyz,,,,,,,,,Active,USDC,10/22/2022,10/21/2027
PC_Pool,Gov't Contractor Financier Senior Secured Term Notes,Tradable,Term Notes,Private Credit,175000000,8.94,0,https://app.rwa.xyz/private-credit,2025-09-26T17:54:00.311876,rwa.xyz,,,,,,,,,Active,USDC,3/30/2024,3/29/2027
PC_Pool,LatAm Fintech Senior Secured Term Notes,Tradable,Term Notes,Private Credit,125037577,11.13,0,https://app.rwa.xyz/private-credit,2025-09-26T17:54:00.311878,rwa.xyz,,,,,,,,,Active,USDC,3/24/2016,12/17/2027
PC_Pool,Singapore Fintech Senior Secured Loan,Tradable,Secured Loan,Private Credit,114500000,18.16,0,https://app.rwa.xyz/private-credit,2025-09-26T17:54:00.311880,rwa.xyz,,,,,,,,,Active,USDC,11/5/2021,6/30/2026
PC_Pool,North America Third Party Online Merchant Senior Secured Term Notes,Tradable,Term Notes,Private Credit,107623224,14,0,https://app.rwa.xyz/private-credit,2025-09-26T17:54:00.311882,rwa.xyz,,,,,,,,,Active,USDC,8/14/2020,12/31/2026
PC_Pool,North America Fintech Senior Secured Term Notes,Tradable,Term Notes,Private Credit,102500000,8,0,https://app.rwa.xyz/private-credit,2025-09-26T17:54:00.311884,rwa.xyz,,,,,,,,,Active,USDC,7/20/2023,7/21/2027
PC_Pool,LitFi Firm Post-Settlement Note,Tradable,Settlement Note,Private Credit,100156663,24,0,https://app.rwa.xyz/private-credit,2025-09-26T17:54:00.311886,rwa.xyz,,,,,,,,,Active,USDC,3/18/2022,3/18/2026
PC_Pool,South American Consumer PoS Lender Senior Secured Term Loan,Tradable,Term Loan,Private Credit,95900000,12.09,0,https://app.rwa.xyz/private-credit,2025-09-26T17:54:00.311888,rwa.xyz,,,,,,,,,Active,USDC,10/19/2024,10/18/2027
PC_Pool,LatAm Middle-Market Lender Senior Secured Term Loan,Tradable,Term Loan,Private Credit,88800000,8.35,0,https://app.rwa.xyz/private-credit,2025-09-26T17:54:00.311890,rwa.xyz,,,,,,,,,Active,USDC,1/19/2023,1/17/2029
PC_Pool,North America Neobank Senior Secured Term Loan,Tradable,Term Loan,Private Credit,75000000,7.79,0,https://app.rwa.xyz/private-credit,2025-09-26T17:54:00.311892,rwa.xyz,,,,,,,,,Active,USDC,1/30/2021,12/15/2026
PC_Pool,Project Robinson,Tradable,Project,Private Credit,74436302,14.5,0,https://app.rwa.xyz/private-credit,2025-09-26T17:54:00.311894,rwa.xyz,,,,,,,,,Active,USDC,6/18/2025,10/6/2029
PC_Pool,North America Post-Settlement Legal Financing Receivables,Tradable,Receivables,Private Credit,64902001,16,0,https://app.rwa.xyz/private-credit,2025-09-26T17:54:00.311896,rwa.xyz,,,,,,,,,Active,USDC,4/9/2022,8/30/2025
PC_Pool,North American Fintech Senior Secured Delay Draw Term Loan Corporate Charge Card for SMBs,Tradable,Term Loan,Private Credit,63450000,11,0,https://app.rwa.xyz/private-credit,2025-09-26T17:54:00.311898,rwa.xyz,,,,,,,,,Active,USDC,10/25/2024,1/24/2029
PC_Pool,North America PoS Lender Senior Secured Term Notes,Tradable,Term Notes,Private Credit,62500000,11,0,https://app.rwa.xyz/private-credit,2025-09-26T17:54:00.311900,rwa.xyz,,,,,,,,,Active,USDC,5/27/2016,10/2/2027
PC_Pool,North America Neobank Fintech Senior Secured Term Notes,Tradable,Term Notes,Private Credit,53000000,7.5,0,https://app.rwa.xyz/private-credit,2025-09-26T17:54:00.311902,rwa.xyz,,,,,,,,,Active,USDC,12/22/2023,12/22/2026
PC_Pool,North America Legal Receivables Senior Secured Loan,Tradable,Secured Loan,Private Credit,52815264,17.5,0,https://app.rwa.xyz/private-credit,2025-09-26T17:54:00.311904,rwa.xyz,,,,,,,,,Active,USDC,6/1/2025,8/26/2025
PC_Pool,Open Term Pool 1,Maple,Open Term,Private Credit,74977530,6.75,0,https://app.rwa.xyz/private-credit,2025-09-26T17:54:00.311906,rwa.xyz,,,,,,,,,Active,USDC,9/13/2025,
PC_Pool,Open Term Pool 2,Maple,Open Term,Private Credit,59982024,6.5,0,https://app.rwa.xyz/private-credit,2025-09-26T17:54:00.311908,rwa.xyz,,,,,,,,,Active,USDC,8/29/2025,
PC_Pool,Open Term Pool 3,Maple,Open Term,Private Credit,50016769,11,0,https://app.rwa.xyz/private-credit,2025-09-26T17:54:00.311910,rwa.xyz,,,,,,,,,Active,USDT,9/24/2025,
PC_Pool,Open Term Pool 4,Maple,Open Term,Private Credit,50016769,4,0,https://app.rwa.xyz/private-credit,2025-09-26T17:54:00.311912,rwa.xyz,,,,,,,,,Active,USDT,9/25/2025,
PC_Pool,Open Term Pool 5,Maple,Open Term,Private Credit,49985020,9.25,0,https://app.rwa.xyz/private-credit,2025-09-26T17:54:00.311914,rwa.xyz,,,,,,,,,Active,USDC,6/13/2025,
PC_Pool,Open Term Pool 6,Maple,Open Term,Private Credit,49985020,7.75,0,https://app.rwa.xyz/private-credit,2025-09-26T17:54:00.311916,rwa.xyz,,,,,,,,,Active,USDC,9/3/2025,
PC_Pool,Open Term Pool 7,Maple,Open Term,Private Credit,49985020,6.75,0,https://app.rwa.xyz/private-credit,2025-09-26T17:54:00.311918,rwa.xyz,,,,,,,,,Active,USDC,9/11/2025,
PC_Pool,Open Term Pool 8,Maple,Open Term,Private Credit,49985020,0,0,https://app.rwa.xyz/private-credit,2025-09-26T17:54:00.311920,rwa.xyz,,,,,,,,,Active,USDC,7/3/2025,
